exchange,symbol,trade_id,price,size,side,timestamp,created_at
BITFLYER,FX_BTC_JPY,BITFLYER-2609077430,17588011,0.00600000,SELL,2025-07-16T05:12:27.563270700Z,2025-07-16T05:12:27.587034
BITFLYER,FX_BTC_JPY,BITFLYER-2609077431,17586817,0.02400000,SELL,2025-07-16T05:12:27.563270700Z,2025-07-16T05:12:27.587080
BITFLYER,BTC_JPY,BITFLYER-2609078955,17599750,0.00100000,BUY,2025-07-16T05:12:27.698382900Z,2025-07-16T05:12:27.773361
BITFLYER,BTC_JPY,BITFLYER-2609078956,17599897,0.00322895,BUY,2025-07-16T05:12:27.698382900Z,2025-07-16T05:12:27.773449
BITFLYER,FX_BTC_JPY,BITFLYER-2609077432,17588619,0.00600000,BUY,2025-07-16T05:12:28.088703100Z,2025-07-16T05:12:28.120249
BITFLYER,FX_BTC_JPY,BITFLYER-2609077433,17589957,0.01900000,BUY,2025-07-16T05:12:28.088703100Z,2025-07-16T05:12:28.120314
BITFLYER,FX_BTC_JPY,BITFLYER-2609077434,17590047,0.02130000,BUY,2025-07-16T05:12:28.088703100Z,2025-07-16T05:12:28.120368
BITFLYER,FX_BTC_JPY,BITFLYER-2609077435,17590047,0.05370000,BUY,2025-07-16T05:12:28.088703100Z,2025-07-16T05:12:28.120426
BITFLYER,BTC_JPY,BITFLYER-2609078958,17599990,0.00200019,BUY,2025-07-16T05:12:29.001480500Z,2025-07-16T05:12:29.065007
BITFLYER,FX_BTC_JPY,BITFLYER-2609077436,17588061,0.00600000,SELL,2025-07-16T05:12:30.169981100Z,2025-07-16T05:12:30.193913
BITFLYER,FX_BTC_JPY,BITFLYER-2609077437,17587000,0.00100000,BUY,2025-07-16T05:12:32.381030200Z,2025-07-16T05:12:32.413287
BITFLYER,FX_BTC_JPY,BITFLYER-2609077438,17587000,0.05580000,BUY,2025-07-16T05:12:32.815359400Z,2025-07-16T05:12:32.842412
BITFLYER,FX_BTC_JPY,BITFLYER-2609077439,17587000,0.00006245,BUY,2025-07-16T05:12:33.122984100Z,2025-07-16T05:12:33.146795
BITFLYER,BTC_JPY,BITFLYER-2609078975,17598400,0.02500000,BUY,2025-07-16T05:12:42.198134100Z,2025-07-16T05:12:42.302018
BITFLYER,BTC_JPY,BITFLYER-2609078998,17598500,0.03800000,BUY,2025-07-16T05:12:47.729948100Z,2025-07-16T05:12:47.790924
BITFLYER,FX_BTC_JPY,BITFLYER-2609077440,17587897,0.00100000,SELL,2025-07-16T05:12:49.644054Z,2025-07-16T05:12:49.679242
GMO,BTC_JPY,GMO-1752642770272,17581581,0.00700000,SELL,2025-07-16T05:12:50.272Z,2025-07-16T05:12:50.272223
GMO,BTC_JPY,GMO-1752642770272,17581581,0.00700000,BUY,2025-07-16T05:12:50.272Z,2025-07-16T05:12:50.272308
GMO,BTC_JPY,GMO-1752642770272,17579535,0.00100000,SELL,2025-07-16T05:12:50.272Z,2025-07-16T05:12:50.272372
GMO,BTC_JPY,GMO-1752642770272,17579535,0.00100000,BUY,2025-07-16T05:12:50.272Z,2025-07-16T05:12:50.272428
GMO,BTC_JPY,GMO-1752642770272,17578723,0.00200000,SELL,2025-07-16T05:12:50.272Z,2025-07-16T05:12:50.272477
GMO,BTC_JPY,GMO-1752642770272,17578723,0.00200000,BUY,2025-07-16T05:12:50.272Z,2025-07-16T05:12:50.272537
GMO,BTC_JPY,GMO-1752642770278,17578723,0.01300000,SELL,2025-07-16T05:12:50.278Z,2025-07-16T05:12:50.278206
GMO,BTC_JPY,GMO-1752642770278,17578723,0.01300000,BUY,2025-07-16T05:12:50.278Z,2025-07-16T05:12:50.278271
GMO,BTC_JPY,GMO-1752642770278,17578723,0.00400000,SELL,2025-07-16T05:12:50.278Z,2025-07-16T05:12:50.278328
GMO,BTC_JPY,GMO-1752642770278,17578723,0.00400000,BUY,2025-07-16T05:12:50.278Z,2025-07-16T05:12:50.278384
GMO,BTC_JPY,GMO-1752642770279,17578723,0.00100000,SELL,2025-07-16T05:12:50.280Z,2025-07-16T05:12:50.279988
GMO,BTC_JPY,GMO-1752642770280,17578723,0.00100000,BUY,2025-07-16T05:12:50.280Z,2025-07-16T05:12:50.280047
GMO,BTC_JPY,GMO-1752642770284,17577999,0.01900000,SELL,2025-07-16T05:12:50.280Z,2025-07-16T05:12:50.284245
GMO,BTC_JPY,GMO-1752642770284,17577999,0.01900000,BUY,2025-07-16T05:12:50.280Z,2025-07-16T05:12:50.284299
GMO,BTC_JPY,GMO-1752642770284,17577999,0.00100000,SELL,2025-07-16T05:12:50.285Z,2025-07-16T05:12:50.284352
GMO,BTC_JPY,GMO-1752642770284,17577999,0.00100000,BUY,2025-07-16T05:12:50.285Z,2025-07-16T05:12:50.284938
GMO,BTC_JPY,GMO-1752642770284,17577292,0.00600000,SELL,2025-07-16T05:12:50.285Z,2025-07-16T05:12:50.285008
GMO,BTC_JPY,GMO-1752642770285,17577292,0.00600000,BUY,2025-07-16T05:12:50.285Z,2025-07-16T05:12:50.285062
GMO,BTC_JPY,GMO-1752642770346,17577292,0.00300000,SELL,2025-07-16T05:12:50.346Z,2025-07-16T05:12:50.346831
GMO,BTC_JPY,GMO-1752642770346,17577292,0.00300000,BUY,2025-07-16T05:12:50.346Z,2025-07-16T05:12:50.346932
GMO,BTC_JPY,GMO-1752642770346,17577292,0.00300000,SELL,2025-07-16T05:12:50.346Z,2025-07-16T05:12:50.347016
GMO,BTC_JPY,GMO-1752642770347,17577292,0.00300000,BUY,2025-07-16T05:12:50.346Z,2025-07-16T05:12:50.347082
BITFLYER,FX_BTC_JPY,BITFLYER-2609077441,17582777,0.00100000,SELL,2025-07-16T05:12:50.395237900Z,2025-07-16T05:12:50.418800
BITFLYER,FX_BTC_JPY,BITFLYER-2609077442,17584276,0.00500043,SELL,2025-07-16T05:12:51.206141600Z,2025-07-16T05:12:51.226433
BITFLYER,FX_BTC_JPY,BITFLYER-2609077443,17582777,0.02000000,SELL,2025-07-16T05:12:52.942731200Z,2025-07-16T05:12:52.983574
BITFLYER,BTC_JPY,BITFLYER-2609079002,17596800,0.20000000,BUY,2025-07-16T05:12:53.256153Z,2025-07-16T05:12:53.329861
BITFLYER,BTC_JPY,BITFLYER-2609079003,17592159,0.20000000,SELL,2025-07-16T05:12:54.645778900Z,2025-07-16T05:12:54.699722
GMO,BTC_JPY,GMO-1752642777624,17578551,0.02000000,SELL,2025-07-16T05:12:57.619Z,2025-07-16T05:12:57.625089
GMO,BTC_JPY,GMO-1752642777625,17578551,0.02000000,BUY,2025-07-16T05:12:57.619Z,2025-07-16T05:12:57.625282
GMO,BTC_JPY,GMO-1752642777625,17578444,0.00800000,SELL,2025-07-16T05:12:57.619Z,2025-07-16T05:12:57.625388
GMO,BTC_JPY,GMO-1752642777625,17578444,0.00800000,BUY,2025-07-16T05:12:57.619Z,2025-07-16T05:12:57.625509
GMO,BTC_JPY,GMO-1752642777625,17577333,0.00600000,SELL,2025-07-16T05:12:57.619Z,2025-07-16T05:12:57.625649
GMO,BTC_JPY,GMO-1752642777625,17577333,0.00600000,BUY,2025-07-16T05:12:57.619Z,2025-07-16T05:12:57.625745
GMO,BTC_JPY,GMO-1752642777625,17577330,0.01000000,SELL,2025-07-16T05:12:57.619Z,2025-07-16T05:12:57.625842
GMO,BTC_JPY,GMO-1752642777625,17577330,0.01000000,BUY,2025-07-16T05:12:57.619Z,2025-07-16T05:12:57.625948
GMO,BTC_JPY,GMO-1752642777625,17577292,0.01600000,SELL,2025-07-16T05:12:57.619Z,2025-07-16T05:12:57.626090
GMO,BTC_JPY,GMO-1752642777629,17577292,0.01600000,BUY,2025-07-16T05:12:57.619Z,2025-07-16T05:12:57.629513
BITFLYER,FX_BTC_JPY,BITFLYER-2609077444,17585065,0.00600000,BUY,2025-07-16T05:13:01.407406400Z,2025-07-16T05:13:01.431131
BITFLYER,FX_BTC_JPY,BITFLYER-2609077445,17586138,0.00100000,BUY,2025-07-16T05:13:02.757747200Z,2025-07-16T05:13:02.789506
BITFLYER,FX_BTC_JPY,BITFLYER-2609077446,17586059,0.00100000,SELL,2025-07-16T05:13:03.444388400Z,2025-07-16T05:13:03.507167
BITFLYER,FX_BTC_JPY,BITFLYER-2609077447,17586058,0.03500000,SELL,2025-07-16T05:13:03.444388400Z,2025-07-16T05:13:03.507248
BITFLYER,FX_BTC_JPY,BITFLYER-2609077448,17585142,0.00600000,SELL,2025-07-16T05:13:03.857031600Z,2025-07-16T05:13:03.903817
BITFLYER,FX_BTC_JPY,BITFLYER-2609077449,17582739,0.00874429,SELL,2025-07-16T05:13:04.081112500Z,2025-07-16T05:13:04.120870
BITFLYER,FX_BTC_JPY,BITFLYER-2609077450,17582738,0.00850069,SELL,2025-07-16T05:13:04.112362300Z,2025-07-16T05:13:04.139026
BITFLYER,FX_BTC_JPY,BITFLYER-2609077451,17582737,0.00300000,SELL,2025-07-16T05:13:04.217066100Z,2025-07-16T05:13:04.271385
BITFLYER,FX_BTC_JPY,BITFLYER-2609077452,17582736,0.00549349,SELL,2025-07-16T05:13:04.232810Z,2025-07-16T05:13:04.271440
BITFLYER,FX_BTC_JPY,BITFLYER-2609077453,17582736,0.02000000,SELL,2025-07-16T05:13:05.663889600Z,2025-07-16T05:13:05.699284
BITFLYER,FX_BTC_JPY,BITFLYER-2609077454,17582919,0.05220000,SELL,2025-07-16T05:13:08.735451Z,2025-07-16T05:13:08.761645
BITFLYER,FX_BTC_JPY,BITFLYER-2609077455,17582898,0.05109618,SELL,2025-07-16T05:13:08.912880600Z,2025-07-16T05:13:08.928060
BITFLYER,FX_BTC_JPY,BITFLYER-2609077456,17582736,0.07440382,SELL,2025-07-16T05:13:08.912880600Z,2025-07-16T05:13:08.928139
GMO,BTC,GMO-1752642789453,17592493,0.00040000,BUY,2025-07-16T05:13:09.449Z,2025-07-16T05:13:09.453264
GMO,BTC,GMO-1752642789453,17592493,0.00040000,SELL,2025-07-16T05:13:09.449Z,2025-07-16T05:13:09.453389
BITFLYER,FX_BTC_JPY,BITFLYER-2609077457,17582736,0.00010269,SELL,2025-07-16T05:13:09.534394100Z,2025-07-16T05:13:09.556932
GMO,BTC_JPY,GMO-1752642789911,17577292,0.00900000,BUY,2025-07-16T05:13:09.905Z,2025-07-16T05:13:09.911148
GMO,BTC_JPY,GMO-1752642789911,17577292,0.00900000,SELL,2025-07-16T05:13:09.905Z,2025-07-16T05:13:09.911221
BITFLYER,FX_BTC_JPY,BITFLYER-2609077458,17581264,0.00300000,SELL,2025-07-16T05:13:12.650826900Z,2025-07-16T05:13:12.675709
BITFLYER,BTC_JPY,BITFLYER-2609079020,17591550,0.02000000,SELL,2025-07-16T05:13:12.626600100Z,2025-07-16T05:13:12.712112
BITFLYER,BTC_JPY,BITFLYER-2609079021,17591547,0.20000000,SELL,2025-07-16T05:13:12.626600100Z,2025-07-16T05:13:12.712154
BITFLYER,FX_BTC_JPY,BITFLYER-2609077459,17581264,0.05719931,SELL,2025-07-16T05:13:13.103594300Z,2025-07-16T05:13:13.133014
BITFLYER,FX_BTC_JPY,BITFLYER-2609077460,17580349,0.00400057,SELL,2025-07-16T05:13:13.238252700Z,2025-07-16T05:13:13.266666
BITFLYER,FX_BTC_JPY,BITFLYER-2609077461,17580349,0.00600085,SELL,2025-07-16T05:13:13.254629700Z,2025-07-16T05:13:13.293053
GMO,BTC_JPY,GMO-1752642793571,17574351,0.00100000,SELL,2025-07-16T05:13:13.567Z,2025-07-16T05:13:13.571705
GMO,BTC_JPY,GMO-1752642793571,17574351,0.00100000,BUY,2025-07-16T05:13:13.567Z,2025-07-16T05:13:13.571808
GMO,BTC_JPY,GMO-1752642793571,17573736,0.00600000,SELL,2025-07-16T05:13:13.567Z,2025-07-16T05:13:13.571889
GMO,BTC_JPY,GMO-1752642793571,17573736,0.00600000,BUY,2025-07-16T05:13:13.567Z,2025-07-16T05:13:13.571955
GMO,BTC_JPY,GMO-1752642793574,17573736,0.00600000,SELL,2025-07-16T05:13:13.567Z,2025-07-16T05:13:13.574087
GMO,BTC_JPY,GMO-1752642793574,17573736,0.00600000,BUY,2025-07-16T05:13:13.567Z,2025-07-16T05:13:13.574159
GMO,BTC_JPY,GMO-1752642793574,17573719,0.02000000,SELL,2025-07-16T05:13:13.567Z,2025-07-16T05:13:13.574236
GMO,BTC_JPY,GMO-1752642793574,17573719,0.02000000,BUY,2025-07-16T05:13:13.567Z,2025-07-16T05:13:13.574302
BITFLYER,FX_BTC_JPY,BITFLYER-2609077462,17580349,0.06225429,SELL,2025-07-16T05:13:14.253806100Z,2025-07-16T05:13:14.336852
GMO,BTC_JPY,GMO-1752642794894,17573049,0.00500000,SELL,2025-07-16T05:13:14.884Z,2025-07-16T05:13:14.894682
GMO,BTC_JPY,GMO-1752642794894,17573049,0.00500000,BUY,2025-07-16T05:13:14.884Z,2025-07-16T05:13:14.894746
GMO,BTC_JPY,GMO-1752642794908,17573033,0.01700000,SELL,2025-07-16T05:13:14.884Z,2025-07-16T05:13:14.908662
GMO,BTC_JPY,GMO-1752642794908,17573033,0.01700000,BUY,2025-07-16T05:13:14.884Z,2025-07-16T05:13:14.908711
GMO,BTC_JPY,GMO-1752642794908,17573033,0.01000000,SELL,2025-07-16T05:13:14.894Z,2025-07-16T05:13:14.908747
GMO,BTC_JPY,GMO-1752642794908,17573033,0.01000000,BUY,2025-07-16T05:13:14.894Z,2025-07-16T05:13:14.908782
GMO,BTC_JPY,GMO-1752642794908,17573033,0.01000000,SELL,2025-07-16T05:13:14.894Z,2025-07-16T05:13:14.908814
GMO,BTC_JPY,GMO-1752642794908,17573033,0.01000000,BUY,2025-07-16T05:13:14.894Z,2025-07-16T05:13:14.908847
GMO,BTC_JPY,GMO-1752642794908,17573033,0.00700000,SELL,2025-07-16T05:13:14.896Z,2025-07-16T05:13:14.908947
GMO,BTC_JPY,GMO-1752642794908,17573033,0.00700000,BUY,2025-07-16T05:13:14.896Z,2025-07-16T05:13:14.908979
GMO,BTC_JPY,GMO-1752642794908,17572666,0.00300000,SELL,2025-07-16T05:13:14.896Z,2025-07-16T05:13:14.909011
GMO,BTC_JPY,GMO-1752642794909,17572666,0.00300000,BUY,2025-07-16T05:13:14.896Z,2025-07-16T05:13:14.909042
GMO,BTC_JPY,GMO-1752642794945,17572666,0.02000000,SELL,2025-07-16T05:13:14.945Z,2025-07-16T05:13:14.945693
GMO,BTC_JPY,GMO-1752642794945,17572666,0.02000000,BUY,2025-07-16T05:13:14.945Z,2025-07-16T05:13:14.945753
GMO,BTC_JPY,GMO-1752642794949,17572666,0.04700000,SELL,2025-07-16T05:13:14.947Z,2025-07-16T05:13:14.949261
GMO,BTC_JPY,GMO-1752642794949,17572666,0.04700000,BUY,2025-07-16T05:13:14.947Z,2025-07-16T05:13:14.949325
GMO,BTC_JPY,GMO-1752642794949,17571895,0.01000000,SELL,2025-07-16T05:13:14.947Z,2025-07-16T05:13:14.949363
GMO,BTC_JPY,GMO-1752642794949,17571895,0.01000000,BUY,2025-07-16T05:13:14.947Z,2025-07-16T05:13:14.949397
GMO,BTC_JPY,GMO-1752642794950,17571418,0.02000000,SELL,2025-07-16T05:13:14.947Z,2025-07-16T05:13:14.950649
GMO,BTC_JPY,GMO-1752642794950,17571418,0.02000000,BUY,2025-07-16T05:13:14.947Z,2025-07-16T05:13:14.950684
GMO,BTC_JPY,GMO-1752642794950,17571307,0.02000000,SELL,2025-07-16T05:13:14.947Z,2025-07-16T05:13:14.950718
GMO,BTC_JPY,GMO-1752642794950,17571307,0.02000000,BUY,2025-07-16T05:13:14.947Z,2025-07-16T05:13:14.950753
GMO,BTC_JPY,GMO-1752642794950,17571148,0.00100000,SELL,2025-07-16T05:13:14.947Z,2025-07-16T05:13:14.950787
GMO,BTC_JPY,GMO-1752642794950,17571148,0.00100000,BUY,2025-07-16T05:13:14.947Z,2025-07-16T05:13:14.950820
GMO,BTC_JPY,GMO-1752642794950,17571148,0.01600000,SELL,2025-07-16T05:13:14.949Z,2025-07-16T05:13:14.950851
GMO,BTC_JPY,GMO-1752642794950,17571148,0.01600000,BUY,2025-07-16T05:13:14.949Z,2025-07-16T05:13:14.950885
GMO,BTC_JPY,GMO-1752642794950,17571148,0.00300000,SELL,2025-07-16T05:13:14.949Z,2025-07-16T05:13:14.950923
GMO,BTC_JPY,GMO-1752642794950,17571148,0.00300000,BUY,2025-07-16T05:13:14.949Z,2025-07-16T05:13:14.950956
GMO,BTC_JPY,GMO-1752642794950,17570621,0.00100000,SELL,2025-07-16T05:13:14.949Z,2025-07-16T05:13:14.950991
GMO,BTC_JPY,GMO-1752642794954,17570621,0.00100000,BUY,2025-07-16T05:13:14.949Z,2025-07-16T05:13:14.954946
GMO,BTC_JPY,GMO-1752642794971,17570621,0.00700000,SELL,2025-07-16T05:13:14.963Z,2025-07-16T05:13:14.971210
GMO,BTC_JPY,GMO-1752642794971,17570621,0.00700000,BUY,2025-07-16T05:13:14.963Z,2025-07-16T05:13:14.971258
BITFLYER,FX_BTC_JPY,BITFLYER-2609077463,17579064,0.01000000,SELL,2025-07-16T05:13:14.971182100Z,2025-07-16T05:13:15.000899
BITFLYER,FX_BTC_JPY,BITFLYER-2609077464,17578175,6.6E-7,SELL,2025-07-16T05:13:14.971182100Z,2025-07-16T05:13:15.000940
BITFLYER,FX_BTC_JPY,BITFLYER-2609077465,17578175,0.00999934,SELL,2025-07-16T05:13:14.971182100Z,2025-07-16T05:13:15.000986
BITFLYER,FX_BTC_JPY,BITFLYER-2609077466,17577736,0.10000000,SELL,2025-07-16T05:13:14.986808900Z,2025-07-16T05:13:15.001020
BITFLYER,FX_BTC_JPY,BITFLYER-2609077467,17576726,0.00200000,SELL,2025-07-16T05:13:15.002434400Z,2025-07-16T05:13:15.036812
BITFLYER,FX_BTC_JPY,BITFLYER-2609077468,17576726,0.00300042,SELL,2025-07-16T05:13:15.002434400Z,2025-07-16T05:13:15.036866
BITFLYER,FX_BTC_JPY,BITFLYER-2609077469,17576726,0.00064545,SELL,2025-07-16T05:13:15.002434400Z,2025-07-16T05:13:15.066232
BITFLYER,FX_BTC_JPY,BITFLYER-2609077470,17576726,0.00365033,SELL,2025-07-16T05:13:15.002434400Z,2025-07-16T05:13:15.066291
BITFLYER,FX_BTC_JPY,BITFLYER-2609077471,17576725,0.00500000,SELL,2025-07-16T05:13:15.002434400Z,2025-07-16T05:13:15.066341
BITFLYER,FX_BTC_JPY,BITFLYER-2609077472,17576668,0.00070542,SELL,2025-07-16T05:13:15.002434400Z,2025-07-16T05:13:15.066484
BITFLYER,FX_BTC_JPY,BITFLYER-2609077473,17576668,0.00029458,SELL,2025-07-16T05:13:15.018059700Z,2025-07-16T05:13:15.066535
BITFLYER,FX_BTC_JPY,BITFLYER-2609077474,17576607,0.00224544,SELL,2025-07-16T05:13:15.018059700Z,2025-07-16T05:13:15.066576
BITFLYER,FX_BTC_JPY,BITFLYER-2609077475,17576607,0.00140535,SELL,2025-07-16T05:13:15.018059700Z,2025-07-16T05:13:15.066615
BITFLYER,FX_BTC_JPY,BITFLYER-2609077476,17575936,0.00100000,SELL,2025-07-16T05:13:15.018059700Z,2025-07-16T05:13:15.066654
BITFLYER,FX_BTC_JPY,BITFLYER-2609077477,17575935,0.00100000,SELL,2025-07-16T05:13:15.018059700Z,2025-07-16T05:13:15.066692
BITFLYER,FX_BTC_JPY,BITFLYER-2609077478,17575723,0.00130000,SELL,2025-07-16T05:13:15.018059700Z,2025-07-16T05:13:15.066730
BITFLYER,FX_BTC_JPY,BITFLYER-2609077479,17575723,0.00370000,SELL,2025-07-16T05:13:15.018059700Z,2025-07-16T05:13:15.066769
BITFLYER,FX_BTC_JPY,BITFLYER-2609077480,17575487,0.00159606,SELL,2025-07-16T05:13:15.018059700Z,2025-07-16T05:13:15.066809
BITFLYER,FX_BTC_JPY,BITFLYER-2609077481,17575487,0.00500033,SELL,2025-07-16T05:13:15.043927500Z,2025-07-16T05:13:15.066846
BITFLYER,FX_BTC_JPY,BITFLYER-2609077482,17575487,0.00500033,SELL,2025-07-16T05:13:15.060070800Z,2025-07-16T05:13:15.104438
BITFLYER,FX_BTC_JPY,BITFLYER-2609077483,17574701,0.01000000,SELL,2025-07-16T05:13:15.060070800Z,2025-07-16T05:13:15.104503
BITFLYER,FX_BTC_JPY,BITFLYER-2609077484,17573624,0.00001713,SELL,2025-07-16T05:13:15.060070800Z,2025-07-16T05:13:15.104555
BITFLYER,FX_BTC_JPY,BITFLYER-2609077485,17573624,0.00105783,SELL,2025-07-16T05:13:15.090896500Z,2025-07-16T05:13:15.133610
BITFLYER,FX_BTC_JPY,BITFLYER-2609077486,17573624,0.00849349,SELL,2025-07-16T05:13:15.090896500Z,2025-07-16T05:13:15.133663
BITFLYER,FX_BTC_JPY,BITFLYER-2609077487,17573624,0.00043155,SELL,2025-07-16T05:13:15.106536600Z,2025-07-16T05:13:15.146884
BITFLYER,FX_BTC_JPY,BITFLYER-2609077488,17572736,0.00806914,SELL,2025-07-16T05:13:15.106536600Z,2025-07-16T05:13:15.146942
BITFLYER,FX_BTC_JPY,BITFLYER-2609077489,17572736,0.01016479,SELL,2025-07-16T05:13:15.106536600Z,2025-07-16T05:13:15.146990
BITFLYER,FX_BTC_JPY,BITFLYER-2609077490,17572736,0.01000141,SELL,2025-07-16T05:13:15.132241100Z,2025-07-16T05:13:15.147036
BITFLYER,BTC_JPY,BITFLYER-2609079025,17590026,0.20000000,SELL,2025-07-16T05:13:15.086242600Z,2025-07-16T05:13:15.164889
BITFLYER,FX_BTC_JPY,BITFLYER-2609077491,17572736,0.00850069,SELL,2025-07-16T05:13:15.132241100Z,2025-07-16T05:13:15.169275
BITFLYER,BTC_JPY,BITFLYER-2609079026,17582672,0.01132560,SELL,2025-07-16T05:13:15.127551800Z,2025-07-16T05:13:15.191865
BITFLYER,BTC_JPY,BITFLYER-2609079027,17581348,0.00373893,SELL,2025-07-16T05:13:15.143204900Z,2025-07-16T05:13:15.191895
BITFLYER,FX_BTC_JPY,BITFLYER-2609077492,17572736,0.01001053,SELL,2025-07-16T05:13:15.164266Z,2025-07-16T05:13:15.211683
BITFLYER,FX_BTC_JPY,BITFLYER-2609077493,17577737,0.00100000,SELL,2025-07-16T05:13:15.253399300Z,2025-07-16T05:13:15.292881
BITFLYER,FX_BTC_JPY,BITFLYER-2609077494,17577737,0.01000000,SELL,2025-07-16T05:13:15.253399300Z,2025-07-16T05:13:15.328351
BITFLYER,FX_BTC_JPY,BITFLYER-2609077495,17577737,0.00849349,SELL,2025-07-16T05:13:15.253399300Z,2025-07-16T05:13:15.328382
BITFLYER,FX_BTC_JPY,BITFLYER-2609077496,17577737,0.00874429,SELL,2025-07-16T05:13:15.269044Z,2025-07-16T05:13:15.328406
BITFLYER,FX_BTC_JPY,BITFLYER-2609077497,17575398,0.00500000,SELL,2025-07-16T05:13:15.480605200Z,2025-07-16T05:13:15.548255
BITFLYER,FX_BTC_JPY,BITFLYER-2609077498,17574095,0.01580000,SELL,2025-07-16T05:13:15.480605200Z,2025-07-16T05:13:15.548299
BITFLYER,BTC_JPY,BITFLYER-2609079029,17585987,0.00082036,SELL,2025-07-16T05:13:15.823529500Z,2025-07-16T05:13:15.865429
BITFLYER,FX_BTC_JPY,BITFLYER-2609077499,17575899,0.02000000,SELL,2025-07-16T05:13:18.807488700Z,2025-07-16T05:13:18.833752
BITFLYER,BTC_JPY,BITFLYER-2609079034,17583094,0.02000000,SELL,2025-07-16T05:13:19.598033800Z,2025-07-16T05:13:19.665068
BITFLYER,BTC_JPY,BITFLYER-2609079035,17583093,0.02102400,SELL,2025-07-16T05:13:19.598033800Z,2025-07-16T05:13:19.665131
BITFLYER,FX_BTC_JPY,BITFLYER-2609077500,17575841,0.04420000,SELL,2025-07-16T05:13:20.159855200Z,2025-07-16T05:13:20.196457
BITFLYER,FX_BTC_JPY,BITFLYER-2609077501,17577485,0.02000000,BUY,2025-07-16T05:13:22.868811300Z,2025-07-16T05:13:22.895013
BITFLYER,FX_BTC_JPY,BITFLYER-2609077502,17580671,0.00100000,BUY,2025-07-16T05:13:23.961088200Z,2025-07-16T05:13:23.976016
BITFLYER,FX_BTC_JPY,BITFLYER-2609077503,17580671,0.00400000,BUY,2025-07-16T05:13:24.138395200Z,2025-07-16T05:13:24.171881
BITFLYER,FX_BTC_JPY,BITFLYER-2609077504,17580701,0.00100000,BUY,2025-07-16T05:13:24.138395200Z,2025-07-16T05:13:24.171945
BITFLYER,FX_BTC_JPY,BITFLYER-2609077505,17581345,0.00364367,BUY,2025-07-16T05:13:24.138395200Z,2025-07-16T05:13:24.172004
BITFLYER,FX_BTC_JPY,BITFLYER-2609077506,17581345,0.00135633,BUY,2025-07-16T05:13:24.138395200Z,2025-07-16T05:13:24.172051
BITFLYER,FX_BTC_JPY,BITFLYER-2609077507,17581345,0.00228883,BUY,2025-07-16T05:13:24.799593700Z,2025-07-16T05:13:24.833393
BITFLYER,FX_BTC_JPY,BITFLYER-2609077508,17581392,0.01000000,BUY,2025-07-16T05:13:24.799593700Z,2025-07-16T05:13:24.833447
BITFLYER,FX_BTC_JPY,BITFLYER-2609077509,17581451,0.03255795,BUY,2025-07-16T05:13:24.799593700Z,2025-07-16T05:13:24.833489
BITFLYER,FX_BTC_JPY,BITFLYER-2609077510,17581998,0.00500000,BUY,2025-07-16T05:13:24.799593700Z,2025-07-16T05:13:24.833527
BITFLYER,FX_BTC_JPY,BITFLYER-2609077511,17582736,0.00015322,BUY,2025-07-16T05:13:24.799593700Z,2025-07-16T05:13:24.833563
BITFLYER,BTC_JPY,BITFLYER-2609079042,17583435,0.01000000,SELL,2025-07-16T05:13:25.200515600Z,2025-07-16T05:13:25.241657
BITFLYER,FX_BTC_JPY,BITFLYER-2609077512,17582736,0.00084678,BUY,2025-07-16T05:13:29.263523800Z,2025-07-16T05:13:29.299417
BITFLYER,FX_BTC_JPY,BITFLYER-2609077513,17582736,0.00215322,BUY,2025-07-16T05:13:29.263523800Z,2025-07-16T05:13:29.299477
GMO,BTC_JPY,GMO-1752642809915,17577282,0.00100000,BUY,2025-07-16T05:13:29.913Z,2025-07-16T05:13:29.915830
GMO,BTC_JPY,GMO-1752642809915,17577282,0.00100000,SELL,2025-07-16T05:13:29.913Z,2025-07-16T05:13:29.916013
BITFLYER,FX_BTC_JPY,BITFLYER-2609077514,17580497,0.05476565,SELL,2025-07-16T05:13:31.572229800Z,2025-07-16T05:13:31.594960
BITFLYER,FX_BTC_JPY,BITFLYER-2609077515,17580497,0.00207724,SELL,2025-07-16T05:13:31.572229800Z,2025-07-16T05:13:31.628122
BITFLYER,FX_BTC_JPY,BITFLYER-2609077516,17580486,0.00877859,SELL,2025-07-16T05:13:31.619139400Z,2025-07-16T05:13:31.669840
BITFLYER,FX_BTC_JPY,BITFLYER-2609077517,17581714,0.00100000,SELL,2025-07-16T05:13:32.399819100Z,2025-07-16T05:13:32.445666
BITFLYER,BTC_JPY,BITFLYER-2609079054,17583646,0.01000000,SELL,2025-07-16T05:13:35.218597500Z,2025-07-16T05:13:35.335150
GMO,BTC_JPY,GMO-1752642815585,17577273,0.00900000,BUY,2025-07-16T05:13:35.579Z,2025-07-16T05:13:35.585810
GMO,BTC_JPY,GMO-1752642815585,17577273,0.00900000,SELL,2025-07-16T05:13:35.579Z,2025-07-16T05:13:35.585956
GMO,BTC_JPY,GMO-1752642815585,17577292,0.00100000,BUY,2025-07-16T05:13:35.579Z,2025-07-16T05:13:35.586067
GMO,BTC_JPY,GMO-1752642815586,17577292,0.00100000,SELL,2025-07-16T05:13:35.579Z,2025-07-16T05:13:35.586160
GMO,BTC_JPY,GMO-1752642815586,17577292,0.03000000,BUY,2025-07-16T05:13:35.580Z,2025-07-16T05:13:35.586271
GMO,BTC_JPY,GMO-1752642815586,17577292,0.03000000,SELL,2025-07-16T05:13:35.580Z,2025-07-16T05:13:35.586367
GMO,BTC_JPY,GMO-1752642815586,17578083,0.01000000,BUY,2025-07-16T05:13:35.580Z,2025-07-16T05:13:35.586448
GMO,BTC_JPY,GMO-1752642815586,17578083,0.01000000,SELL,2025-07-16T05:13:35.580Z,2025-07-16T05:13:35.586559
GMO,BTC_JPY,GMO-1752642815586,17578083,0.01000000,BUY,2025-07-16T05:13:35.581Z,2025-07-16T05:13:35.586655
GMO,BTC_JPY,GMO-1752642815586,17578083,0.01000000,SELL,2025-07-16T05:13:35.581Z,2025-07-16T05:13:35.586743
GMO,BTC_JPY,GMO-1752642815586,17578083,0.00700000,BUY,2025-07-16T05:13:35.585Z,2025-07-16T05:13:35.586826
GMO,BTC_JPY,GMO-1752642815586,17578083,0.00700000,SELL,2025-07-16T05:13:35.585Z,2025-07-16T05:13:35.586922
GMO,BTC_JPY,GMO-1752642815590,17578083,0.01600000,BUY,2025-07-16T05:13:35.589Z,2025-07-16T05:13:35.590264
GMO,BTC_JPY,GMO-1752642815590,17578083,0.01600000,SELL,2025-07-16T05:13:35.589Z,2025-07-16T05:13:35.590365
GMO,BTC_JPY,GMO-1752642815596,17578083,0.02700000,BUY,2025-07-16T05:13:35.595Z,2025-07-16T05:13:35.597039
GMO,BTC_JPY,GMO-1752642815597,17578083,0.02700000,SELL,2025-07-16T05:13:35.595Z,2025-07-16T05:13:35.597145
GMO,BTC_JPY,GMO-1752642815613,17578643,0.00300000,BUY,2025-07-16T05:13:35.607Z,2025-07-16T05:13:35.613087
GMO,BTC_JPY,GMO-1752642815613,17578643,0.00300000,SELL,2025-07-16T05:13:35.607Z,2025-07-16T05:13:35.613183
GMO,BTC_JPY,GMO-1752642815619,17578643,0.01700000,BUY,2025-07-16T05:13:35.618Z,2025-07-16T05:13:35.619810
GMO,BTC_JPY,GMO-1752642815619,17578643,0.01700000,SELL,2025-07-16T05:13:35.618Z,2025-07-16T05:13:35.619923
GMO,BTC_JPY,GMO-1752642815619,17579122,0.00100000,BUY,2025-07-16T05:13:35.618Z,2025-07-16T05:13:35.620029
GMO,BTC_JPY,GMO-1752642815620,17579122,0.00100000,SELL,2025-07-16T05:13:35.618Z,2025-07-16T05:13:35.620111
GMO,BTC_JPY,GMO-1752642815620,17579784,0.00200000,BUY,2025-07-16T05:13:35.618Z,2025-07-16T05:13:35.620272
GMO,BTC_JPY,GMO-1752642815620,17579784,0.00200000,SELL,2025-07-16T05:13:35.618Z,2025-07-16T05:13:35.620361
GMO,BTC_JPY,GMO-1752642815629,17579784,0.00300000,BUY,2025-07-16T05:13:35.629Z,2025-07-16T05:13:35.629501
GMO,BTC_JPY,GMO-1752642815629,17579784,0.00300000,SELL,2025-07-16T05:13:35.629Z,2025-07-16T05:13:35.629608
BITFLYER,FX_BTC_JPY,BITFLYER-2609077518,17582199,0.00600000,BUY,2025-07-16T05:13:35.681300600Z,2025-07-16T05:13:35.712853
BITFLYER,FX_BTC_JPY,BITFLYER-2609077519,17582735,0.00100000,BUY,2025-07-16T05:13:35.681300600Z,2025-07-16T05:13:35.712876
BITFLYER,FX_BTC_JPY,BITFLYER-2609077520,17582736,0.15634064,BUY,2025-07-16T05:13:35.696926400Z,2025-07-16T05:13:35.712894
GMO,BTC_JPY,GMO-1752642815716,17579784,0.00100000,BUY,2025-07-16T05:13:35.715Z,2025-07-16T05:13:35.716725
GMO,BTC_JPY,GMO-1752642815716,17579784,0.00100000,SELL,2025-07-16T05:13:35.715Z,2025-07-16T05:13:35.716760
BITFLYER,FX_BTC_JPY,BITFLYER-2609077521,17582736,0.04150614,BUY,2025-07-16T05:13:35.728238700Z,2025-07-16T05:13:35.748029
GMO,BTC,GMO-1752642815919,17592493,0.00080000,BUY,2025-07-16T05:13:35.916Z,2025-07-16T05:13:35.919974
GMO,BTC,GMO-1752642815920,17592493,0.00080000,SELL,2025-07-16T05:13:35.916Z,2025-07-16T05:13:35.920052
BITFLYER,BTC_JPY,BITFLYER-2609079060,17584868,0.01000000,SELL,2025-07-16T05:13:39.027397600Z,2025-07-16T05:13:39.069597
BITFLYER,FX_BTC_JPY,BITFLYER-2609077522,17584724,0.00100000,BUY,2025-07-16T05:13:39.561824400Z,2025-07-16T05:13:39.591136
BITFLYER,FX_BTC_JPY,BITFLYER-2609077523,17584765,0.02900000,BUY,2025-07-16T05:13:39.561824400Z,2025-07-16T05:13:39.591166
GMO,BTC_JPY,GMO-1752642822212,17577282,0.02000000,BUY,2025-07-16T05:13:42.213Z,2025-07-16T05:13:42.212850
GMO,BTC_JPY,GMO-1752642822212,17577282,0.02000000,SELL,2025-07-16T05:13:42.213Z,2025-07-16T05:13:42.212983
BITFLYER,BTC_JPY,BITFLYER-2609079069,17585524,0.01000000,SELL,2025-07-16T05:13:43.422255800Z,2025-07-16T05:13:43.472462
BITFLYER,BTC_JPY,BITFLYER-2609079070,17596096,0.00450746,BUY,2025-07-16T05:13:43.961628400Z,2025-07-16T05:13:44.015575
BITFLYER,BTC_JPY,BITFLYER-2609079072,17596086,0.00543554,BUY,2025-07-16T05:13:46.217083700Z,2025-07-16T05:13:46.276546
BITFLYER,FX_BTC_JPY,BITFLYER-2609077524,17584383,0.00100000,SELL,2025-07-16T05:13:46.839616500Z,2025-07-16T05:13:46.872389
BITFLYER,FX_BTC_JPY,BITFLYER-2609077525,17582086,0.00600000,SELL,2025-07-16T05:14:01.535879500Z,2025-07-16T05:14:01.592336
BITFLYER,FX_BTC_JPY,BITFLYER-2609077526,17584382,0.01411928,BUY,2025-07-16T05:14:05.448967700Z,2025-07-16T05:14:05.479325
BITFLYER,BTC_JPY,BITFLYER-2609079093,17596798,0.00570000,BUY,2025-07-16T05:14:05.957575800Z,2025-07-16T05:14:06.093237
GMO,BTC,GMO-1752642847650,17592493,0.00004000,BUY,2025-07-16T05:14:07.646Z,2025-07-16T05:14:07.650949
GMO,BTC,GMO-1752642847651,17592493,0.00004000,SELL,2025-07-16T05:14:07.646Z,2025-07-16T05:14:07.651098
GMO,BTC,GMO-1752642847651,17594962,0.00004000,BUY,2025-07-16T05:14:07.646Z,2025-07-16T05:14:07.651339
GMO,BTC,GMO-1752642847651,17594962,0.00004000,SELL,2025-07-16T05:14:07.646Z,2025-07-16T05:14:07.651436
GMO,BTC,GMO-1752642847651,17596596,0.00043000,BUY,2025-07-16T05:14:07.646Z,2025-07-16T05:14:07.657044
GMO,BTC,GMO-1752642847659,17596596,0.00043000,SELL,2025-07-16T05:14:07.646Z,2025-07-16T05:14:07.659898
BITFLYER,FX_BTC_JPY,BITFLYER-2609077527,17582687,0.00100000,SELL,2025-07-16T05:14:12.937881700Z,2025-07-16T05:14:12.972759
BITFLYER,FX_BTC_JPY,BITFLYER-2609077528,17583081,0.00100000,SELL,2025-07-16T05:14:19.408942200Z,2025-07-16T05:14:19.465466
BITFLYER,BTC_JPY,BITFLYER-2609079118,17596886,0.02000000,BUY,2025-07-16T05:14:21.448692500Z,2025-07-16T05:14:21.548074
BITFLYER,BTC_JPY,BITFLYER-2609079120,17588064,0.02218305,SELL,2025-07-16T05:14:23.110799600Z,2025-07-16T05:14:23.139633
BITFLYER,BTC_JPY,BITFLYER-2609079131,17588500,0.01000000,SELL,2025-07-16T05:14:23.993399100Z,2025-07-16T05:14:24.097490
BITFLYER,FX_BTC_JPY,BITFLYER-2609077529,17580413,0.00728798,SELL,2025-07-16T05:14:28.040546600Z,2025-07-16T05:14:28.074988
BITFLYER,FX_BTC_JPY,BITFLYER-2609077530,17580118,0.02171202,SELL,2025-07-16T05:14:28.040546600Z,2025-07-16T05:14:28.075008
BITFLYER,BTC_JPY,BITFLYER-2609079139,17588570,0.00966440,SELL,2025-07-16T05:14:29.722010200Z,2025-07-16T05:14:29.811995
BITFLYER,BTC_JPY,BITFLYER-2609079140,17588539,0.00033560,SELL,2025-07-16T05:14:29.722010200Z,2025-07-16T05:14:29.812062
BITFLYER,FX_BTC_JPY,BITFLYER-2609077531,17580118,0.01000000,SELL,2025-07-16T05:14:31.816931Z,2025-07-16T05:14:31.854146
BITFLYER,FX_BTC_JPY,BITFLYER-2609077532,17581876,0.00100000,SELL,2025-07-16T05:14:31.993895500Z,2025-07-16T05:14:32.027557
BITFLYER,BTC_JPY,BITFLYER-2609079142,17588604,0.01000000,SELL,2025-07-16T05:14:34.449251700Z,2025-07-16T05:14:34.507724
BITFLYER,BTC_JPY,BITFLYER-2609079153,17588618,0.01000000,SELL,2025-07-16T05:14:42.682644300Z,2025-07-16T05:14:42.733786
BITFLYER,BTC_JPY,BITFLYER-2609079164,17588602,0.19000000,SELL,2025-07-16T05:14:45.541490400Z,2025-07-16T05:14:45.586769
BITFLYER,BTC_JPY,BITFLYER-2609079165,17588601,0.15736966,SELL,2025-07-16T05:14:45.541490400Z,2025-07-16T05:14:45.586816
BITFLYER,FX_BTC_JPY,BITFLYER-2609077533,17582059,0.00100000,SELL,2025-07-16T05:14:47.240570500Z,2025-07-16T05:14:47.260705
BITFLYER,FX_BTC_JPY,BITFLYER-2609077534,17580481,0.00100000,SELL,2025-07-16T05:14:48.586225800Z,2025-07-16T05:14:48.617893
BITFLYER,FX_BTC_JPY,BITFLYER-2609077535,17579299,0.00500043,SELL,2025-07-16T05:14:49.955833400Z,2025-07-16T05:14:50.013698
BITFLYER,FX_BTC_JPY,BITFLYER-2609077536,17579299,0.04599914,SELL,2025-07-16T05:14:50.512903600Z,2025-07-16T05:14:50.545320
BITFLYER,FX_BTC_JPY,BITFLYER-2609077537,17578755,0.01000000,SELL,2025-07-16T05:14:55.231493400Z,2025-07-16T05:14:55.266444
BITFLYER,FX_BTC_JPY,BITFLYER-2609077538,17578573,0.01140726,SELL,2025-07-16T05:14:55.231493400Z,2025-07-16T05:14:55.266496
BITFLYER,FX_BTC_JPY,BITFLYER-2609077539,17578321,0.00100007,SELL,2025-07-16T05:14:55.430412100Z,2025-07-16T05:14:55.482532
BITFLYER,FX_BTC_JPY,BITFLYER-2609077540,17578321,0.00200880,SELL,2025-07-16T05:14:55.440464Z,2025-07-16T05:14:55.482572
BITFLYER,FX_BTC_JPY,BITFLYER-2609077541,17578321,0.00699113,SELL,2025-07-16T05:14:55.440464Z,2025-07-16T05:14:55.482608
BITFLYER,FX_BTC_JPY,BITFLYER-2609077542,17577151,0.00301486,SELL,2025-07-16T05:14:55.440464Z,2025-07-16T05:14:55.482644
BITFLYER,BTC_JPY,BITFLYER-2609079187,17586148,0.27000000,SELL,2025-07-16T05:14:56.283647500Z,2025-07-16T05:14:56.346483
BITFLYER,BTC_JPY,BITFLYER-2609079188,17586140,0.02000000,SELL,2025-07-16T05:14:56.283647500Z,2025-07-16T05:14:56.346519
BITFLYER,BTC_JPY,BITFLYER-2609079189,17586135,0.00822431,SELL,2025-07-16T05:14:56.283647500Z,2025-07-16T05:14:56.346546
BITFLYER,FX_BTC_JPY,BITFLYER-2609077543,17580625,0.00100294,BUY,2025-07-16T05:15:00.803372500Z,2025-07-16T05:15:00.831442
BITFLYER,FX_BTC_JPY,BITFLYER-2609077544,17581235,0.00100000,BUY,2025-07-16T05:15:02.438591400Z,2025-07-16T05:15:02.469790
BITFLYER,FX_BTC_JPY,BITFLYER-2609077545,17581235,0.00399706,BUY,2025-07-16T05:15:02.868237300Z,2025-07-16T05:15:02.899127
BITFLYER,BTC_JPY,BITFLYER-2609079197,17586993,0.00100000,SELL,2025-07-16T05:15:02.976868400Z,2025-07-16T05:15:03.110999
BITFLYER,FX_BTC_JPY,BITFLYER-2609077546,17580731,0.00100294,SELL,2025-07-16T05:15:04.117834300Z,2025-07-16T05:15:04.151516
GMO,BTC_JPY,GMO-1752642904498,17580212,0.00500000,BUY,2025-07-16T05:15:04.494Z,2025-07-16T05:15:04.498822
GMO,BTC_JPY,GMO-1752642904498,17580212,0.00500000,SELL,2025-07-16T05:15:04.494Z,2025-07-16T05:15:04.499016
BITFLYER,BTC_JPY,BITFLYER-2609079199,17587303,0.01000000,SELL,2025-07-16T05:15:04.975322300Z,2025-07-16T05:15:05.020965
BITFLYER,FX_BTC_JPY,BITFLYER-2609077547,17580736,0.04000000,BUY,2025-07-16T05:15:05.173655700Z,2025-07-16T05:15:05.191982
BITFLYER,FX_BTC_JPY,BITFLYER-2609077548,17578758,0.00499706,SELL,2025-07-16T05:15:06.860044300Z,2025-07-16T05:15:06.892991
GMO,BTC_JPY,GMO-1752642919545,17578763,0.00200000,BUY,2025-07-16T05:15:19.524Z,2025-07-16T05:15:19.546028
GMO,BTC_JPY,GMO-1752642919546,17578763,0.00200000,SELL,2025-07-16T05:15:19.524Z,2025-07-16T05:15:19.546207
GMO,BTC_JPY,GMO-1752642919585,17578763,0.00200000,BUY,2025-07-16T05:15:19.586Z,2025-07-16T05:15:19.585373
GMO,BTC_JPY,GMO-1752642919585,17578763,0.00200000,SELL,2025-07-16T05:15:19.586Z,2025-07-16T05:15:19.585502
BITFLYER,FX_BTC_JPY,BITFLYER-2609077549,17577896,0.01000000,SELL,2025-07-16T05:15:22.152199800Z,2025-07-16T05:15:22.190985
BITFLYER,FX_BTC_JPY,BITFLYER-2609077550,17577363,0.00100000,SELL,2025-07-16T05:15:23.785113300Z,2025-07-16T05:15:23.851963
BITFLYER,FX_BTC_JPY,BITFLYER-2609077551,17577345,0.07900000,BUY,2025-07-16T05:15:24.260652600Z,2025-07-16T05:15:24.290171
BITFLYER,FX_BTC_JPY,BITFLYER-2609077552,17577356,0.00750000,BUY,2025-07-16T05:15:24.260652600Z,2025-07-16T05:15:24.290219
BITFLYER,FX_BTC_JPY,BITFLYER-2609077553,17577356,0.06343750,BUY,2025-07-16T05:15:24.260652600Z,2025-07-16T05:15:24.290264
BITFLYER,FX_BTC_JPY,BITFLYER-2609077554,17576879,0.08098211,SELL,2025-07-16T05:15:24.333640500Z,2025-07-16T05:15:24.364806
BITFLYER,FX_BTC_JPY,BITFLYER-2609077555,17576782,0.01162081,BUY,2025-07-16T05:15:24.376932900Z,2025-07-16T05:15:24.414158
BITFLYER,FX_BTC_JPY,BITFLYER-2609077556,17575957,0.01000000,SELL,2025-07-16T05:15:25.393711400Z,2025-07-16T05:15:25.412937
BITFLYER,FX_BTC_JPY,BITFLYER-2609077557,17575758,0.27840000,BUY,2025-07-16T05:15:25.409374700Z,2025-07-16T05:15:25.454793
BITFLYER,FX_BTC_JPY,BITFLYER-2609077558,17575758,0.14160000,BUY,2025-07-16T05:15:25.576845400Z,2025-07-16T05:15:25.612498
GMO,BTC,GMO-1752642927132,17594650,0.00400000,BUY,2025-07-16T05:15:27.091Z,2025-07-16T05:15:27.132590
GMO,BTC,GMO-1752642927132,17594650,0.00400000,SELL,2025-07-16T05:15:27.091Z,2025-07-16T05:15:27.132809
BITFLYER,FX_BTC_JPY,BITFLYER-2609077559,17577875,0.00100000,SELL,2025-07-16T05:15:33.774972Z,2025-07-16T05:15:34.010638
GMO,BTC,GMO-1752642941540,17594449,0.02000000,BUY,2025-07-16T05:15:41.537Z,2025-07-16T05:15:41.541707
GMO,BTC,GMO-1752642941541,17594449,0.02000000,SELL,2025-07-16T05:15:41.537Z,2025-07-16T05:15:41.541873
BITFLYER,FX_BTC_JPY,BITFLYER-2609077560,17576118,0.01000000,SELL,2025-07-16T05:15:43.914551800Z,2025-07-16T05:15:43.941385
GMO,BTC_JPY,GMO-1752642944051,17573095,0.00100000,BUY,2025-07-16T05:15:44.046Z,2025-07-16T05:15:44.051283
GMO,BTC_JPY,GMO-1752642944051,17573095,0.00100000,SELL,2025-07-16T05:15:44.046Z,2025-07-16T05:15:44.051492
BITFLYER,FX_BTC_JPY,BITFLYER-2609077561,17575164,0.00125000,SELL,2025-07-16T05:15:44.019099800Z,2025-07-16T05:15:44.056119
BITFLYER,FX_BTC_JPY,BITFLYER-2609077562,17575151,0.00100000,SELL,2025-07-16T05:15:44.019099800Z,2025-07-16T05:15:44.056167
BITFLYER,FX_BTC_JPY,BITFLYER-2609077563,17575134,0.00134000,SELL,2025-07-16T05:15:44.019099800Z,2025-07-16T05:15:44.056210
BITFLYER,FX_BTC_JPY,BITFLYER-2609077564,17575093,0.00728800,SELL,2025-07-16T05:15:44.019099800Z,2025-07-16T05:15:44.056252
BITFLYER,BTC_JPY,BITFLYER-2609079234,17592497,0.00200000,BUY,2025-07-16T05:15:44.213695400Z,2025-07-16T05:15:44.293160
BITFLYER,BTC_JPY,BITFLYER-2609079243,17592265,0.01000000,BUY,2025-07-16T05:15:46.835260400Z,2025-07-16T05:15:46.890928
BITFLYER,FX_BTC_JPY,BITFLYER-2609077565,17576428,0.00100000,SELL,2025-07-16T05:15:47.557531100Z,2025-07-16T05:15:47.595939
BITFLYER,FX_BTC_JPY,BITFLYER-2609077566,17575116,0.01000000,SELL,2025-07-16T05:15:48.617068900Z,2025-07-16T05:15:48.653110
GMO,BTC_JPY,GMO-1752642950146,17570561,0.00100000,SELL,2025-07-16T05:15:50.145Z,2025-07-16T05:15:50.146980
GMO,BTC_JPY,GMO-1752642950147,17570561,0.00100000,BUY,2025-07-16T05:15:50.145Z,2025-07-16T05:15:50.147090
GMO,BTC_JPY,GMO-1752642950147,17568768,0.00500000,SELL,2025-07-16T05:15:50.145Z,2025-07-16T05:15:50.147154
GMO,BTC_JPY,GMO-1752642950147,17568768,0.00500000,BUY,2025-07-16T05:15:50.145Z,2025-07-16T05:15:50.147216
GMO,BTC_JPY,GMO-1752642950150,17568755,0.00100000,SELL,2025-07-16T05:15:50.145Z,2025-07-16T05:15:50.150455
GMO,BTC_JPY,GMO-1752642950150,17568755,0.00100000,BUY,2025-07-16T05:15:50.145Z,2025-07-16T05:15:50.150526
GMO,BTC_JPY,GMO-1752642950150,17568754,0.00300000,SELL,2025-07-16T05:15:50.145Z,2025-07-16T05:15:50.150581
GMO,BTC_JPY,GMO-1752642950150,17568754,0.00300000,BUY,2025-07-16T05:15:50.145Z,2025-07-16T05:15:50.150727
GMO,BTC_JPY,GMO-1752642950150,17568684,0.03500000,SELL,2025-07-16T05:15:50.145Z,2025-07-16T05:15:50.150778
GMO,BTC_JPY,GMO-1752642950150,17568684,0.03500000,BUY,2025-07-16T05:15:50.145Z,2025-07-16T05:15:50.150834
BITFLYER,FX_BTC_JPY,BITFLYER-2609077567,17574729,0.01000000,SELL,2025-07-16T05:15:51.830689400Z,2025-07-16T05:15:51.854256
BITFLYER,FX_BTC_JPY,BITFLYER-2609077568,17574677,0.00729005,SELL,2025-07-16T05:15:51.830689400Z,2025-07-16T05:15:51.854355
BITFLYER,FX_BTC_JPY,BITFLYER-2609077569,17574664,0.00728797,SELL,2025-07-16T05:15:51.830689400Z,2025-07-16T05:15:51.854415
BITFLYER,FX_BTC_JPY,BITFLYER-2609077570,17574659,0.00100000,SELL,2025-07-16T05:15:51.830689400Z,2025-07-16T05:15:51.854543
BITFLYER,BTC_JPY,BITFLYER-2609079252,17590950,0.01000000,BUY,2025-07-16T05:15:55.774439900Z,2025-07-16T05:15:55.813184
GMO,BTC,GMO-1752642961199,17590400,0.01400000,SELL,2025-07-16T05:16:01.196Z,2025-07-16T05:16:01.199381
GMO,BTC,GMO-1752642961199,17590400,0.01400000,BUY,2025-07-16T05:16:01.196Z,2025-07-16T05:16:01.199471
BITFLYER,BTC_JPY,BITFLYER-2609079255,17590918,0.01000000,BUY,2025-07-16T05:16:01.211192200Z,2025-07-16T05:16:01.297767
BITFLYER,FX_BTC_JPY,BITFLYER-2609077571,17575108,0.00100000,BUY,2025-07-16T05:16:02.291064400Z,2025-07-16T05:16:02.332030
GMO,BTC_JPY,GMO-1752642963110,17574500,0.00500000,BUY,2025-07-16T05:16:03.104Z,2025-07-16T05:16:03.111085
GMO,BTC_JPY,GMO-1752642963111,17574500,0.00500000,SELL,2025-07-16T05:16:03.104Z,2025-07-16T05:16:03.111211
GMO,BTC,GMO-1752642964180,17593299,0.00040000,BUY,2025-07-16T05:16:04.178Z,2025-07-16T05:16:04.181137
GMO,BTC,GMO-1752642964181,17593299,0.00040000,SELL,2025-07-16T05:16:04.178Z,2025-07-16T05:16:04.181235
BITFLYER,FX_BTC_JPY,BITFLYER-2609077572,17575116,0.01000000,BUY,2025-07-16T05:16:04.496335700Z,2025-07-16T05:16:04.513925
BITFLYER,BTC_JPY,BITFLYER-2609079258,17590898,0.01000000,BUY,2025-07-16T05:16:05.052960500Z,2025-07-16T05:16:05.103210
BITFLYER,FX_BTC_JPY,BITFLYER-2609077573,17573261,0.01000000,SELL,2025-07-16T05:16:06.379750900Z,2025-07-16T05:16:06.415816
BITFLYER,FX_BTC_JPY,BITFLYER-2609077574,17573023,0.01000000,SELL,2025-07-16T05:16:06.379750900Z,2025-07-16T05:16:06.415842
BITFLYER,FX_BTC_JPY,BITFLYER-2609077575,17572736,0.05325344,SELL,2025-07-16T05:16:06.500059200Z,2025-07-16T05:16:06.534355
BITFLYER,FX_BTC_JPY,BITFLYER-2609077576,17572706,0.00100000,SELL,2025-07-16T05:16:06.500059200Z,2025-07-16T05:16:06.534379
BITFLYER,BTC_JPY,BITFLYER-2609079260,17590889,0.02892631,BUY,2025-07-16T05:16:06.718158500Z,2025-07-16T05:16:06.761981
GMO,BTC,GMO-1752642966870,17594049,0.00270000,BUY,2025-07-16T05:16:06.865Z,2025-07-16T05:16:06.870407
GMO,BTC,GMO-1752642966870,17594049,0.00270000,SELL,2025-07-16T05:16:06.865Z,2025-07-16T05:16:06.870555
GMO,BTC_JPY,GMO-1752642969150,17568029,0.00100000,SELL,2025-07-16T05:16:09.149Z,2025-07-16T05:16:09.150822
GMO,BTC_JPY,GMO-1752642969150,17568029,0.00100000,BUY,2025-07-16T05:16:09.149Z,2025-07-16T05:16:09.150864
BITFLYER,BTC_JPY,BITFLYER-2609079263,17590680,0.01000000,BUY,2025-07-16T05:16:09.419924500Z,2025-07-16T05:16:09.471804
GMO,BTC_JPY,GMO-1752642970021,17572809,0.00500000,BUY,2025-07-16T05:16:09.991Z,2025-07-16T05:16:10.021369
GMO,BTC_JPY,GMO-1752642970021,17572809,0.00500000,SELL,2025-07-16T05:16:09.991Z,2025-07-16T05:16:10.021490
BITFLYER,FX_BTC_JPY,BITFLYER-2609077577,17573320,0.00600000,BUY,2025-07-16T05:16:13.141399Z,2025-07-16T05:16:13.176516
BITFLYER,BTC_JPY,BITFLYER-2609079267,17590662,0.01000000,BUY,2025-07-16T05:16:14.789481100Z,2025-07-16T05:16:14.974203
BITFLYER,FX_BTC_JPY,BITFLYER-2609077578,17572406,0.00728797,SELL,2025-07-16T05:16:18.270551600Z,2025-07-16T05:16:18.296776
BITFLYER,BTC_JPY,BITFLYER-2609079272,17590649,0.01000000,BUY,2025-07-16T05:16:18.380735500Z,2025-07-16T05:16:18.443519
BITFLYER,FX_BTC_JPY,BITFLYER-2609077579,17572031,0.01000000,SELL,2025-07-16T05:16:18.584591800Z,2025-07-16T05:16:18.611837
BITFLYER,FX_BTC_JPY,BITFLYER-2609077580,17571835,0.00600000,SELL,2025-07-16T05:16:18.584591800Z,2025-07-16T05:16:18.611860
BITFLYER,FX_BTC_JPY,BITFLYER-2609077581,17572474,0.00100000,BUY,2025-07-16T05:16:19.959625800Z,2025-07-16T05:16:19.990529
BITFLYER,FX_BTC_JPY,BITFLYER-2609077582,17573978,0.00600000,BUY,2025-07-16T05:16:20.500466300Z,2025-07-16T05:16:20.533002
BITFLYER,BTC_JPY,BITFLYER-2609079282,17590555,0.01000000,BUY,2025-07-16T05:16:27.748897800Z,2025-07-16T05:16:27.818362
BITFLYER,FX_BTC_JPY,BITFLYER-2609077583,17574897,0.00900000,BUY,2025-07-16T05:16:27.966690800Z,2025-07-16T05:16:28.011735
BITFLYER,FX_BTC_JPY,BITFLYER-2609077584,17575190,0.01000000,BUY,2025-07-16T05:16:28.408174300Z,2025-07-16T05:16:28.471172
BITFLYER,FX_BTC_JPY,BITFLYER-2609077585,17574670,0.00600000,SELL,2025-07-16T05:16:29.457172200Z,2025-07-16T05:16:29.488136
BITFLYER,FX_BTC_JPY,BITFLYER-2609077586,17575037,0.00100000,SELL,2025-07-16T05:16:32.544315200Z,2025-07-16T05:16:32.602670
BITFLYER,FX_BTC_JPY,BITFLYER-2609077587,17572881,0.00250000,SELL,2025-07-16T05:16:32.560585Z,2025-07-16T05:16:32.722968
BITFLYER,BTC_JPY,BITFLYER-2609079286,17590481,0.01000000,BUY,2025-07-16T05:16:32.683401200Z,2025-07-16T05:16:32.789270
GMO,BTC,GMO-1752642994705,17593747,0.00060000,BUY,2025-07-16T05:16:34.703Z,2025-07-16T05:16:34.705571
GMO,BTC,GMO-1752642994705,17593747,0.00060000,SELL,2025-07-16T05:16:34.703Z,2025-07-16T05:16:34.705665
BITFLYER,FX_BTC_JPY,BITFLYER-2609077588,17573466,0.00100000,SELL,2025-07-16T05:16:49.326904600Z,2025-07-16T05:16:49.372270
BITFLYER,FX_BTC_JPY,BITFLYER-2609077589,17572619,0.01000000,SELL,2025-07-16T05:16:49.326904600Z,2025-07-16T05:16:49.372303
BITFLYER,FX_BTC_JPY,BITFLYER-2609077590,17572582,0.00900000,SELL,2025-07-16T05:16:49.326904600Z,2025-07-16T05:16:49.372329
BITFLYER,FX_BTC_JPY,BITFLYER-2609077591,17572825,0.02000000,SELL,2025-07-16T05:16:52.904688300Z,2025-07-16T05:16:52.926101
BITFLYER,BTC_JPY,BITFLYER-2609079307,17590479,0.01000000,BUY,2025-07-16T05:16:52.967409200Z,2025-07-16T05:16:53.006350
BITFLYER,BTC_JPY,BITFLYER-2609079312,17590479,0.01000000,BUY,2025-07-16T05:16:56.176319100Z,2025-07-16T05:16:56.227464
BITFLYER,BTC_JPY,BITFLYER-2609079316,17590481,0.01000000,BUY,2025-07-16T05:16:59.090614300Z,2025-07-16T05:16:59.158461
BITFLYER,BTC_JPY,BITFLYER-2609079318,17590481,0.00500000,BUY,2025-07-16T05:17:00.589951200Z,2025-07-16T05:17:00.705877
BITFLYER,BTC_JPY,BITFLYER-2609079319,17590481,0.00100000,BUY,2025-07-16T05:17:02.106871200Z,2025-07-16T05:17:02.372113
BITFLYER,FX_BTC_JPY,BITFLYER-2609077592,17571676,0.00600127,SELL,2025-07-16T05:17:09.025270700Z,2025-07-16T05:17:09.071738
BITFLYER,FX_BTC_JPY,BITFLYER-2609077593,17571676,0.00399873,SELL,2025-07-16T05:17:09.067420700Z,2025-07-16T05:17:09.134870
GMO,BTC_JPY,GMO-1752643034600,17566952,0.00100000,SELL,2025-07-16T05:17:14.597Z,2025-07-16T05:17:14.600743
GMO,BTC_JPY,GMO-1752643034600,17566952,0.00100000,BUY,2025-07-16T05:17:14.597Z,2025-07-16T05:17:14.600815
GMO,BTC_JPY,GMO-1752643034600,17566642,0.00500000,SELL,2025-07-16T05:17:14.597Z,2025-07-16T05:17:14.600860
GMO,BTC_JPY,GMO-1752643034600,17566642,0.00500000,BUY,2025-07-16T05:17:14.597Z,2025-07-16T05:17:14.600904
GMO,BTC_JPY,GMO-1752643034602,17566625,0.01800000,SELL,2025-07-16T05:17:14.597Z,2025-07-16T05:17:14.602491
GMO,BTC_JPY,GMO-1752643034602,17566625,0.01800000,BUY,2025-07-16T05:17:14.597Z,2025-07-16T05:17:14.602532
GMO,BTC_JPY,GMO-1752643034602,17565215,0.00100000,SELL,2025-07-16T05:17:14.597Z,2025-07-16T05:17:14.602570
GMO,BTC_JPY,GMO-1752643034602,17565215,0.00100000,BUY,2025-07-16T05:17:14.597Z,2025-07-16T05:17:14.602609
GMO,BTC_JPY,GMO-1752643034602,17564186,0.01900000,SELL,2025-07-16T05:17:14.597Z,2025-07-16T05:17:14.602649
GMO,BTC_JPY,GMO-1752643034602,17564186,0.01900000,BUY,2025-07-16T05:17:14.597Z,2025-07-16T05:17:14.602690
BITFLYER,FX_BTC_JPY,BITFLYER-2609077594,17570506,0.02000000,SELL,2025-07-16T05:17:15.021217200Z,2025-07-16T05:17:15.036096
BITFLYER,BTC_JPY,BITFLYER-2609079335,17586958,0.00126267,SELL,2025-07-16T05:17:15.210913100Z,2025-07-16T05:17:15.259330
BITFLYER,FX_BTC_JPY,BITFLYER-2609077595,17570497,0.00729046,SELL,2025-07-16T05:17:15.323465700Z,2025-07-16T05:17:15.352095
BITFLYER,BTC_JPY,BITFLYER-2609079336,17584292,0.00126267,SELL,2025-07-16T05:17:15.495486400Z,2025-07-16T05:17:15.539020
BITFLYER,FX_BTC_JPY,BITFLYER-2609077596,17570328,0.00814139,SELL,2025-07-16T05:17:15.693847400Z,2025-07-16T05:17:15.710746
BITFLYER,FX_BTC_JPY,BITFLYER-2609077597,17570328,0.00185861,SELL,2025-07-16T05:17:15.693847400Z,2025-07-16T05:17:15.754622
BITFLYER,FX_BTC_JPY,BITFLYER-2609077598,17570151,0.00314181,SELL,2025-07-16T05:17:15.693847400Z,2025-07-16T05:17:15.754649
BITFLYER,FX_BTC_JPY,BITFLYER-2609077599,17570151,0.01185819,SELL,2025-07-16T05:17:15.709461700Z,2025-07-16T05:17:15.754668
BITFLYER,BTC_JPY,BITFLYER-2609079344,17584292,0.00245981,SELL,2025-07-16T05:17:15.826386300Z,2025-07-16T05:17:15.951912
BITFLYER,BTC_JPY,BITFLYER-2609079345,17583438,0.02000000,SELL,2025-07-16T05:17:15.826386300Z,2025-07-16T05:17:15.951991
BITFLYER,BTC_JPY,BITFLYER-2609079346,17583435,0.10000000,SELL,2025-07-16T05:17:15.826386300Z,2025-07-16T05:17:15.952011
BITFLYER,BTC_JPY,BITFLYER-2609079347,17583435,0.10000000,SELL,2025-07-16T05:17:15.826386300Z,2025-07-16T05:17:15.952029
BITFLYER,BTC_JPY,BITFLYER-2609079348,17583435,0.10000000,SELL,2025-07-16T05:17:15.826386300Z,2025-07-16T05:17:15.952047
BITFLYER,BTC_JPY,BITFLYER-2609079349,17583093,0.10000000,SELL,2025-07-16T05:17:15.826386300Z,2025-07-16T05:17:15.952065
BITFLYER,BTC_JPY,BITFLYER-2609079350,17581711,0.00259228,SELL,2025-07-16T05:17:15.842157300Z,2025-07-16T05:17:15.952083
BITFLYER,FX_BTC_JPY,BITFLYER-2609077600,17568248,0.00364516,SELL,2025-07-16T05:17:16.065445700Z,2025-07-16T05:17:16.096943
BITFLYER,FX_BTC_JPY,BITFLYER-2609077601,17568248,0.00364367,SELL,2025-07-16T05:17:16.065445700Z,2025-07-16T05:17:16.096971
BITFLYER,FX_BTC_JPY,BITFLYER-2609079602,17567902,0.00100000,SELL,2025-07-16T05:17:16.065445700Z,2025-07-16T05:17:16.096993
BITFLYER,FX_BTC_JPY,BITFLYER-2609079603,17567736,0.04171117,SELL,2025-07-16T05:17:16.065445700Z,2025-07-16T05:17:16.097015
BITFLYER,FX_BTC_JPY,BITFLYER-2609079604,17569728,0.00100000,SELL,2025-07-16T05:17:16.364757400Z,2025-07-16T05:17:16.412514
BITFLYER,FX_BTC_JPY,BITFLYER-2609079605,17568220,0.05000000,SELL,2025-07-16T05:17:16.709276700Z,2025-07-16T05:17:16.784524
BITFLYER,FX_BTC_JPY,BITFLYER-2609079606,17568016,0.05029766,SELL,2025-07-16T05:17:16.709276700Z,2025-07-16T05:17:16.784557
BITFLYER,FX_BTC_JPY,BITFLYER-2609079607,17567736,0.01970234,SELL,2025-07-16T05:17:16.709276700Z,2025-07-16T05:17:16.784582
BITFLYER,FX_BTC_JPY,BITFLYER-2609079608,17568595,0.01000000,SELL,2025-07-16T05:17:20.517571700Z,2025-07-16T05:17:20.552517
BITFLYER,FX_BTC_JPY,BITFLYER-2609079609,17567736,0.00500043,SELL,2025-07-16T05:17:20.920034100Z,2025-07-16T05:17:20.948630
GMO,BTC,GMO-1752643041020,17592493,0.00028000,SELL,2025-07-16T05:17:21.017Z,2025-07-16T05:17:21.020906
GMO,BTC,GMO-1752643041021,17592493,0.00028000,BUY,2025-07-16T05:17:21.017Z,2025-07-16T05:17:21.021042
BITFLYER,FX_BTC_JPY,BITFLYER-2609079610,17567736,0.03350000,SELL,2025-07-16T05:17:21.139482400Z,2025-07-16T05:17:21.156771
BITFLYER,FX_BTC_JPY,BITFLYER-2609079611,17567736,0.00008606,SELL,2025-07-16T05:17:21.202620200Z,2025-07-16T05:17:21.234792
BITFLYER,BTC_JPY,BITFLYER-2609079358,17583049,0.00139906,SELL,2025-07-16T05:17:22.822237700Z,2025-07-16T05:17:22.868189
BITFLYER,BTC_JPY,BITFLYER-2609079361,17583049,0.00112766,SELL,2025-07-16T05:17:24.556702Z,2025-07-16T05:17:24.937098
BITFLYER,BTC_JPY,BITFLYER-2609079363,17582458,0.00142597,SELL,2025-07-16T05:17:26.535886900Z,2025-07-16T05:17:26.592795
BITFLYER,BTC_JPY,BITFLYER-2609079364,17579821,0.00380598,SELL,2025-07-16T05:17:26.535886900Z,2025-07-16T05:17:26.592818
BITFLYER,BTC_JPY,BITFLYER-2609079366,17579005,0.00100000,SELL,2025-07-16T05:17:27.066115Z,2025-07-16T05:17:27.100003
GMO,BTC_JPY,GMO-1752643049033,17563760,0.00100000,SELL,2025-07-16T05:17:29.030Z,2025-07-16T05:17:29.033564
GMO,BTC_JPY,GMO-1752643049033,17563760,0.00100000,BUY,2025-07-16T05:17:29.030Z,2025-07-16T05:17:29.033652
BITFLYER,BTC_JPY,BITFLYER-2609079369,17582458,0.00120989,SELL,2025-07-16T05:17:29.000278400Z,2025-07-16T05:17:29.103523
BITFLYER,BTC_JPY,BITFLYER-2609079370,17579820,0.00464910,SELL,2025-07-16T05:17:29.000278400Z,2025-07-16T05:17:29.103571
BITFLYER,BTC_JPY,BITFLYER-2609079371,17579011,0.00414101,SELL,2025-07-16T05:17:29.000278400Z,2025-07-16T05:17:29.103610
BITFLYER,BTC_JPY,BITFLYER-2609079374,17582458,0.00161746,SELL,2025-07-16T05:17:31.451572200Z,2025-07-16T05:17:31.544008
BITFLYER,FX_BTC_JPY,BITFLYER-2609079612,17566454,0.00100000,SELL,2025-07-16T05:17:32.101148Z,2025-07-16T05:17:32.131883
BITFLYER,BTC_JPY,BITFLYER-2609079375,17583047,0.00127843,SELL,2025-07-16T05:17:32.489479100Z,2025-07-16T05:17:32.539673
GMO,BTC,GMO-1752643053056,17588199,0.00008000,BUY,2025-07-16T05:17:33.025Z,2025-07-16T05:17:33.056585
GMO,BTC,GMO-1752643053056,17588199,0.00008000,SELL,2025-07-16T05:17:33.025Z,2025-07-16T05:17:33.056646
BITFLYER,BTC_JPY,BITFLYER-2609079377,17583047,0.00141733,SELL,2025-07-16T05:17:33.096305300Z,2025-07-16T05:17:33.209850
BITFLYER,BTC_JPY,BITFLYER-2609079379,17583047,0.00125729,SELL,2025-07-16T05:17:33.663954900Z,2025-07-16T05:17:33.712144
BITFLYER,FX_BTC_JPY,BITFLYER-2609079613,17567664,0.02250000,BUY,2025-07-16T05:17:33.768363Z,2025-07-16T05:17:33.787013
GMO,BTC_JPY,GMO-1752643054114,17565960,0.00900000,BUY,2025-07-16T05:17:34.091Z,2025-07-16T05:17:34.114448
GMO,BTC_JPY,GMO-1752643054114,17565960,0.00900000,SELL,2025-07-16T05:17:34.091Z,2025-07-16T05:17:34.114559
BITFLYER,BTC_JPY,BITFLYER-2609079380,17583047,0.00123908,SELL,2025-07-16T05:17:34.670864500Z,2025-07-16T05:17:34.752656
BITFLYER,BTC_JPY,BITFLYER-2609079382,17583046,0.00159839,SELL,2025-07-16T05:17:35.376011700Z,2025-07-16T05:17:35.431422
BITFLYER,FX_BTC_JPY,BITFLYER-2609079614,17568500,0.00227680,BUY,2025-07-16T05:17:35.970813100Z,2025-07-16T05:17:36.000460
BITFLYER,FX_BTC_JPY,BITFLYER-2609079615,17568500,0.00372320,BUY,2025-07-16T05:17:36.902348400Z,2025-07-16T05:17:36.934181
BITFLYER,BTC_JPY,BITFLYER-2609079385,17583046,0.00100766,SELL,2025-07-16T05:17:38.191259800Z,2025-07-16T05:17:38.251787
BITFLYER,BTC_JPY,BITFLYER-2609079390,17583046,0.00150789,SELL,2025-07-16T05:17:42.746099200Z,2025-07-16T05:17:42.816711
GMO,BTC,GMO-1752643065668,17587341,0.00030000,SELL,2025-07-16T05:17:45.661Z,2025-07-16T05:17:45.668896
GMO,BTC,GMO-1752643065668,17587341,0.00030000,BUY,2025-07-16T05:17:45.661Z,2025-07-16T05:17:45.668998
BITFLYER,FX_BTC_JPY,BITFLYER-2609079616,17570886,0.01000000,BUY,2025-07-16T05:17:47.205660Z,2025-07-16T05:17:47.246641
BITFLYER,BTC_JPY,BITFLYER-2609079393,17583046,0.01000000,SELL,2025-07-16T05:17:47.605562Z,2025-07-16T05:17:47.655251
BITFLYER,FX_BTC_JPY,BITFLYER-2609079617,17570042,0.00100000,SELL,2025-07-16T05:17:47.714015800Z,2025-07-16T05:17:47.727090
BITFLYER,BTC_JPY,BITFLYER-2609079396,17583046,0.01000000,SELL,2025-07-16T05:17:51.889787800Z,2025-07-16T05:17:51.942258
BITFLYER,FX_BTC_JPY,BITFLYER-2609079618,17569961,0.00100000,SELL,2025-07-16T05:18:01.900365900Z,2025-07-16T05:18:01.932451
BITFLYER,FX_BTC_JPY,BITFLYER-2609079619,17569961,0.00500000,SELL,2025-07-16T05:18:03.145893800Z,2025-07-16T05:18:03.187094
BITFLYER,FX_BTC_JPY,BITFLYER-2609079620,17568228,0.00600000,SELL,2025-07-16T05:18:04.677810500Z,2025-07-16T05:18:04.698538
BITFLYER,FX_BTC_JPY,BITFLYER-2609079621,17568197,0.03000000,SELL,2025-07-16T05:18:04.677810500Z,2025-07-16T05:18:04.698568
BITFLYER,FX_BTC_JPY,BITFLYER-2609079622,17567814,0.06400000,SELL,2025-07-16T05:18:04.677810500Z,2025-07-16T05:18:04.698593
GMO,BTC,GMO-1752643089135,17586600,0.02000000,SELL,2025-07-16T05:18:09.123Z,2025-07-16T05:18:09.136432
GMO,BTC,GMO-1752643089136,17586600,0.02000000,BUY,2025-07-16T05:18:09.123Z,2025-07-16T05:18:09.136572
GMO,BTC,GMO-1752643097315,17588559,0.00001000,BUY,2025-07-16T05:18:17.311Z,2025-07-16T05:18:17.315811
GMO,BTC,GMO-1752643097315,17588559,0.00001000,SELL,2025-07-16T05:18:17.311Z,2025-07-16T05:18:17.315937
BITFLYER,FX_BTC_JPY,BITFLYER-2609079623,17570023,0.00300000,BUY,2025-07-16T05:18:18.981460700Z,2025-07-16T05:18:19.034082
BITFLYER,BTC_JPY,BITFLYER-2609079426,17583046,0.00100000,SELL,2025-07-16T05:18:19.193893500Z,2025-07-16T05:18:19.276267
BITFLYER,FX_BTC_JPY,BITFLYER-2609079624,17569570,0.00100000,SELL,2025-07-16T05:18:20.359289600Z,2025-07-16T05:18:20.396940
BITFLYER,FX_BTC_JPY,BITFLYER-2609079625,17568432,0.00600000,BUY,2025-07-16T05:18:26.391326Z,2025-07-16T05:18:26.443173
BITFLYER,FX_BTC_JPY,BITFLYER-2609079626,17568781,0.00700000,BUY,2025-07-16T05:18:26.391326Z,2025-07-16T05:18:26.443238
BITFLYER,FX_BTC_JPY,BITFLYER-2609079627,17569116,0.00200000,BUY,2025-07-16T05:18:26.432714Z,2025-07-16T05:18:26.465801
BITFLYER,FX_BTC_JPY,BITFLYER-2609079628,17570363,0.00450411,BUY,2025-07-16T05:18:26.449060500Z,2025-07-16T05:18:26.495419
BITFLYER,FX_BTC_JPY,BITFLYER-2609079629,17570363,0.01050960,BUY,2025-07-16T05:18:26.449060500Z,2025-07-16T05:18:26.495439
BITFLYER,FX_BTC_JPY,BITFLYER-2609079630,17570363,0.05798629,BUY,2025-07-16T05:18:26.537420200Z,2025-07-16T05:18:26.571633
BITFLYER,FX_BTC_JPY,BITFLYER-2609079631,17570663,0.02000000,BUY,2025-07-16T05:18:26.537420200Z,2025-07-16T05:18:26.571650
BITFLYER,FX_BTC_JPY,BITFLYER-2609079632,17571990,0.00120110,BUY,2025-07-16T05:18:26.933772100Z,2025-07-16T05:18:26.974398
BITFLYER,FX_BTC_JPY,BITFLYER-2609079633,17571990,0.00479890,BUY,2025-07-16T05:18:26.950010300Z,2025-07-16T05:18:26.991647
BITFLYER,FX_BTC_JPY,BITFLYER-2609079634,17571990,0.00900000,BUY,2025-07-16T05:18:26.950010300Z,2025-07-16T05:18:26.991709
BITFLYER,FX_BTC_JPY,BITFLYER-2609079635,17572095,0.00001371,BUY,2025-07-16T05:18:26.950010300Z,2025-07-16T05:18:26.991765
BITFLYER,FX_BTC_JPY,BITFLYER-2609079636,17571074,0.04900000,BUY,2025-07-16T05:18:28.334043900Z,2025-07-16T05:18:28.358888
BITFLYER,FX_BTC_JPY,BITFLYER-2609079637,17571267,0.01454328,BUY,2025-07-16T05:18:28.917783400Z,2025-07-16T05:18:28.949460
BITFLYER,FX_BTC_JPY,BITFLYER-2609079638,17571267,0.03130000,BUY,2025-07-16T05:18:29.214872700Z,2025-07-16T05:18:29.233345
BITFLYER,FX_BTC_JPY,BITFLYER-2609079639,17571267,0.00005259,BUY,2025-07-16T05:18:29.214872700Z,2025-07-16T05:18:29.279505
BITFLYER,FX_BTC_JPY,BITFLYER-2609079640,17572664,0.01000000,BUY,2025-07-16T05:18:29.502018800Z,2025-07-16T05:18:29.533794
BITFLYER,FX_BTC_JPY,BITFLYER-2609079641,17573280,0.00100000,BUY,2025-07-16T05:18:29.502018800Z,2025-07-16T05:18:29.533840
BITFLYER,FX_BTC_JPY,BITFLYER-2609079642,17574847,0.00404176,BUY,2025-07-16T05:18:29.502018800Z,2025-07-16T05:18:29.533878
BITFLYER,FX_BTC_JPY,BITFLYER-2609079643,17574846,0.00100000,BUY,2025-07-16T05:18:30.203271900Z,2025-07-16T05:18:30.218054
BITFLYER,FX_BTC_JPY,BITFLYER-2609079644,17574854,0.04900000,BUY,2025-07-16T05:18:30.203271900Z,2025-07-16T05:18:30.218090
BITFLYER,FX_BTC_JPY,BITFLYER-2609079645,17572598,0.00100000,BUY,2025-07-16T05:18:33.255916400Z,2025-07-16T05:18:33.304706
BITFLYER,BTC_JPY,BITFLYER-2609079443,17583082,0.01000000,SELL,2025-07-16T05:18:34.390973200Z,2025-07-16T05:18:34.494907
BITFLYER,FX_BTC_JPY,BITFLYER-2609079646,17572616,0.01404176,SELL,2025-07-16T05:18:36.278249100Z,2025-07-16T05:18:36.296094
BITFLYER,FX_BTC_JPY,BITFLYER-2609079647,17571351,0.00600000,SELL,2025-07-16T05:18:39.081560100Z,2025-07-16T05:18:39.116789
BITFLYER,FX_BTC_JPY,BITFLYER-2609079648,17572122,0.00100000,BUY,2025-07-16T05:18:41.227407400Z,2025-07-16T05:18:41.250459
BITFLYER,FX_BTC_JPY,BITFLYER-2609079649,17570611,0.01000000,SELL,2025-07-16T05:18:43.073242700Z,2025-07-16T05:18:43.091162
BITFLYER,FX_BTC_JPY,BITFLYER-2609079650,17569682,0.00101000,SELL,2025-07-16T05:18:44.309774300Z,2025-07-16T05:18:44.366122
BITFLYER,FX_BTC_JPY,BITFLYER-2609079651,17569682,0.00100000,SELL,2025-07-16T05:18:44.309774300Z,2025-07-16T05:18:44.366137
BITFLYER,FX_BTC_JPY,BITFLYER-2609079652,17569627,0.00799000,SELL,2025-07-16T05:18:44.309774300Z,2025-07-16T05:18:44.366149
BITFLYER,BTC_JPY,BITFLYER-2609079476,17583082,0.02000000,SELL,2025-07-16T05:18:48.820611600Z,2025-07-16T05:18:48.877446
BITFLYER,BTC_JPY,BITFLYER-2609079477,17583045,0.00147208,SELL,2025-07-16T05:18:48.820611600Z,2025-07-16T05:18:48.877493
BITFLYER,BTC_JPY,BITFLYER-2609079478,17580806,0.00852792,SELL,2025-07-16T05:18:48.820611600Z,2025-07-16T05:18:48.877533
BITFLYER,FX_BTC_JPY,BITFLYER-2609079653,17569627,0.00201000,SELL,2025-07-16T05:18:50.036632100Z,2025-07-16T05:18:50.050839
BITFLYER,FX_BTC_JPY,BITFLYER-2609079654,17569421,0.00799000,SELL,2025-07-16T05:18:50.037157600Z,2025-07-16T05:18:50.050875
BITFLYER,BTC_JPY,BITFLYER-2609079489,17583030,0.00127431,SELL,2025-07-16T05:18:52.133576Z,2025-07-16T05:18:52.253750
BITFLYER,FX_BTC_JPY,BITFLYER-2609079655,17570497,0.00100000,BUY,2025-07-16T05:18:53.400994100Z,2025-07-16T05:18:53.440637
BITFLYER,BTC_JPY,BITFLYER-2609079493,17583030,0.00160330,SELL,2025-07-16T05:18:57.313009900Z,2025-07-16T05:18:57.387220
BITFLYER,BTC_JPY,BITFLYER-2609079494,17580879,0.00039670,SELL,2025-07-16T05:18:57.313009900Z,2025-07-16T05:18:57.387251
GMO,BTC,GMO-1752643137953,17589337,0.01200000,BUY,2025-07-16T05:18:57.920Z,2025-07-16T05:18:57.954197
GMO,BTC,GMO-1752643137954,17589337,0.01200000,SELL,2025-07-16T05:18:57.920Z,2025-07-16T05:18:57.954328
GMO,BTC_JPY,GMO-1752643139470,17565658,0.00100000,SELL,2025-07-16T05:18:59.469Z,2025-07-16T05:18:59.470584
GMO,BTC_JPY,GMO-1752643139470,17565658,0.00100000,BUY,2025-07-16T05:18:59.469Z,2025-07-16T05:18:59.470701
BITFLYER,BTC_JPY,BITFLYER-2609079501,17581853,0.01000000,SELL,2025-07-16T05:19:01.242702800Z,2025-07-16T05:19:01.321110
BITFLYER,BTC_JPY,BITFLYER-2609079502,17581853,0.01000000,SELL,2025-07-16T05:19:01.242702800Z,2025-07-16T05:19:01.321146
BITFLYER,FX_BTC_JPY,BITFLYER-2609079656,17571264,0.00100000,BUY,2025-07-16T05:19:02.012396Z,2025-07-16T05:19:02.046071
BITFLYER,FX_BTC_JPY,BITFLYER-2609079657,17570295,0.01000000,SELL,2025-07-16T05:19:03.914327900Z,2025-07-16T05:19:03.940557
GMO,BTC,GMO-1752643145259,17589300,0.01100000,BUY,2025-07-16T05:19:05.242Z,2025-07-16T05:19:05.259265
GMO,BTC,GMO-1752643145260,17589300,0.01100000,SELL,2025-07-16T05:19:05.242Z,2025-07-16T05:19:05.260621
BITFLYER,FX_BTC_JPY,BITFLYER-2609079658,17568801,0.01000000,SELL,2025-07-16T05:19:07.647977400Z,2025-07-16T05:19:07.693259
GMO,BTC,GMO-1752643151453,17589337,0.01300000,BUY,2025-07-16T05:19:11.443Z,2025-07-16T05:19:11.453784
GMO,BTC,GMO-1752643151453,17589337,0.01300000,SELL,2025-07-16T05:19:11.443Z,2025-07-16T05:19:11.453905
GMO,BTC,GMO-1752643151985,17589337,0.00568000,BUY,2025-07-16T05:19:11.979Z,2025-07-16T05:19:11.985456
GMO,BTC,GMO-1752643151985,17589337,0.00568000,SELL,2025-07-16T05:19:11.979Z,2025-07-16T05:19:11.985572
BITFLYER,BTC_JPY,BITFLYER-2609079516,17581860,0.01000000,SELL,2025-07-16T05:19:14.684742700Z,2025-07-16T05:19:14.762090
GMO,BTC_JPY,GMO-1752643155555,17563718,0.01000000,SELL,2025-07-16T05:19:15.554Z,2025-07-16T05:19:15.555380
GMO,BTC_JPY,GMO-1752643155555,17563718,0.01000000,BUY,2025-07-16T05:19:15.554Z,2025-07-16T05:19:15.555437
GMO,BTC_JPY,GMO-1752643155555,17563543,0.01000000,SELL,2025-07-16T05:19:15.554Z,2025-07-16T05:19:15.555474
GMO,BTC_JPY,GMO-1752643155555,17563543,0.01000000,BUY,2025-07-16T05:19:15.554Z,2025-07-16T05:19:15.555506
BITFLYER,FX_BTC_JPY,BITFLYER-2609079659,17568640,0.01000000,SELL,2025-07-16T05:19:16.880544800Z,2025-07-16T05:19:16.901728
BITFLYER,FX_BTC_JPY,BITFLYER-2609079660,17570140,0.00100000,BUY,2025-07-16T05:19:17.226350500Z,2025-07-16T05:19:17.252919
BITFLYER,FX_BTC_JPY,BITFLYER-2609079661,17568249,0.01000000,SELL,2025-07-16T05:19:17.465627800Z,2025-07-16T05:19:17.499283
BITFLYER,FX_BTC_JPY,BITFLYER-2609079662,17569537,0.01000000,BUY,2025-07-16T05:19:24.302697Z,2025-07-16T05:19:24.405366
BITFLYER,FX_BTC_JPY,BITFLYER-2609079663,17570531,0.00504176,BUY,2025-07-16T05:19:24.302697Z,2025-07-16T05:19:24.405958
BITFLYER,FX_BTC_JPY,BITFLYER-2609079664,17572244,0.00300000,BUY,2025-07-16T05:19:24.366479800Z,2025-07-16T05:19:24.412619
BITFLYER,FX_BTC_JPY,BITFLYER-2609079665,17572313,0.00364502,BUY,2025-07-16T05:19:24.366479800Z,2025-07-16T05:19:24.412641
BITFLYER,FX_BTC_JPY,BITFLYER-2609079666,17572352,0.00334997,BUY,2025-07-16T05:19:24.366479800Z,2025-07-16T05:19:24.412662
BITFLYER,FX_BTC_JPY,BITFLYER-2609079667,17569537,0.00100000,SELL,2025-07-16T05:19:32.607423500Z,2025-07-16T05:19:32.640870
BITFLYER,FX_BTC_JPY,BITFLYER-2609079668,17572351,0.00100000,BUY,2025-07-16T05:19:36.023590100Z,2025-07-16T05:19:36.069095
BITFLYER,BTC_JPY,BITFLYER-2609079533,17581919,0.01000000,SELL,2025-07-16T05:19:36.192537Z,2025-07-16T05:19:36.303244
BITFLYER,FX_BTC_JPY,BITFLYER-2609079669,17573502,0.00194824,BUY,2025-07-16T05:19:37.991870400Z,2025-07-16T05:19:38.022171
BITFLYER,FX_BTC_JPY,BITFLYER-2609079670,17573506,0.00100000,BUY,2025-07-16T05:19:37.991870400Z,2025-07-16T05:19:38.022186
BITFLYER,BTC_JPY,BITFLYER-2609079541,17583734,0.00143339,SELL,2025-07-16T05:19:41.682519600Z,2025-07-16T05:19:41.750802
BITFLYER,BTC_JPY,BITFLYER-2609079542,17581992,0.00856661,SELL,2025-07-16T05:19:41.682519600Z,2025-07-16T05:19:41.750827
GMO,BTC_JPY,GMO-1752643183587,17565761,0.00100000,SELL,2025-07-16T05:19:43.585Z,2025-07-16T05:19:43.587665
GMO,BTC_JPY,GMO-1752643183587,17565761,0.00100000,BUY,2025-07-16T05:19:43.585Z,2025-07-16T05:19:43.587806
BITFLYER,BTC_JPY,BITFLYER-2609079550,17584640,0.00118474,SELL,2025-07-16T05:19:46.119266900Z,2025-07-16T05:19:46.172268
BITFLYER,FX_BTC_JPY,BITFLYER-2609079671,17571719,0.00100000,BUY,2025-07-16T05:19:46.737986500Z,2025-07-16T05:19:46.766086
GMO,BTC,GMO-1752643189882,17589300,0.00800000,SELL,2025-07-16T05:19:49.879Z,2025-07-16T05:19:49.882623
GMO,BTC,GMO-1752643189882,17589300,0.00800000,BUY,2025-07-16T05:19:49.879Z,2025-07-16T05:19:49.882900
BITFLYER,FX_BTC_JPY,BITFLYER-2609079672,17570463,0.00600000,SELL,2025-07-16T05:19:49.991157600Z,2025-07-16T05:19:50.023158
BITFLYER,FX_BTC_JPY,BITFLYER-2609079673,17570463,0.00049855,SELL,2025-07-16T05:19:49.991157600Z,2025-07-16T05:19:50.023183
BITFLYER,BTC_JPY,BITFLYER-2609079556,17584640,0.00104849,SELL,2025-07-16T05:19:50.021351Z,2025-07-16T05:19:50.099627
GMO,BTC,GMO-1752643190331,17589337,0.00001000,BUY,2025-07-16T05:19:50.333Z,2025-07-16T05:19:50.331990
GMO,BTC,GMO-1752643190332,17589337,0.00001000,SELL,2025-07-16T05:19:50.333Z,2025-07-16T05:19:50.332023
GMO,BTC,GMO-1752643191516,17589337,0.01899000,BUY,2025-07-16T05:19:51.512Z,2025-07-16T05:19:51.516904
GMO,BTC,GMO-1752643191516,17589337,0.01899000,SELL,2025-07-16T05:19:51.512Z,2025-07-16T05:19:51.517023
GMO,BTC,GMO-1752643191517,17589338,0.02000000,BUY,2025-07-16T05:19:51.512Z,2025-07-16T05:19:51.517100
GMO,BTC,GMO-1752643191517,17589338,0.02000000,SELL,2025-07-16T05:19:51.512Z,2025-07-16T05:19:51.517184
GMO,BTC,GMO-1752643191517,17589663,0.03000000,BUY,2025-07-16T05:19:51.512Z,2025-07-16T05:19:51.517266
GMO,BTC,GMO-1752643191517,17589663,0.03000000,SELL,2025-07-16T05:19:51.512Z,2025-07-16T05:19:51.517337
GMO,BTC,GMO-1752643191517,17589664,0.03101000,BUY,2025-07-16T05:19:51.512Z,2025-07-16T05:19:51.517409
GMO,BTC,GMO-1752643191517,17589664,0.03101000,SELL,2025-07-16T05:19:51.512Z,2025-07-16T05:19:51.517481
BITFLYER,FX_BTC_JPY,BITFLYER-2609079674,17570932,0.00850145,SELL,2025-07-16T05:19:59.190708100Z,2025-07-16T05:19:59.241069
BITFLYER,FX_BTC_JPY,BITFLYER-2609079675,17572353,0.00100000,SELL,2025-07-16T05:20:02.032957Z,2025-07-16T05:20:02.065605
